study_hours,past_attendance,quiz_scores,performance_score
3.7,67,51,54.58
9.5,75,73,82.34
7.3,93,72,84.17
6.0,83,87,80.45
1.6,59,94,53.17
1.6,85,62,64.16
0.6,63,63,48.22
8.7,80,76,75.57
6.0,97,74,77.63
7.1,64,83,65.41
0.2,57,79,49.23
9.7,63,61,74.55
8.3,72,66,71.01
2.1,89,74,62.44
1.8,70,40,45.21
1.8,65,74,58.7
3.0,94,76,64.95
5.2,67,86,64.8
4.3,96,53,68.34
2.9,73,42,44.9
6.1,75,40,68.98
1.4,74,44,47.73
2.9,94,65,63.07
3.7,90,94,74.06
4.6,78,53,58.83
7.9,64,78,69.8
2.0,94,66,55.24
5.1,50,48,55.87
5.9,74,54,63.17
0.5,56,54,42.41
6.1,58,65,65.29
1.7,73,81,56.53
0.7,50,99,52.61
9.5,93,52,81.44
9.7,57,90,78.23
8.1,73,71,76.02
3.0,60,78,58.4
1.0,66,88,58.49
6.8,57,91,78.82
4.4,84,71,74.78
1.2,84,43,39.16
5.0,82,69,76.85
0.3,54,76,59.74
9.1,91,62,87.01
2.6,88,78,67.93
6.6,90,84,78.45
3.1,77,54,61.09
5.2,56,82,61.0
5.5,58,68,62.53
1.8,57,75,53.44
